{"cameraMode":{"drawMode":0,"name":"Shaded","section":"Shading Mode"},"sceneLighting":true,"audioPlay":false,"sceneViewState":{"m_AlwaysRefresh":false,"showFog":true,"showSkybox":true,"showFlares":true,"showImageEffects":true,"showParticleSystems":true,"showVisualEffectGraphs":true,"m_FxEnabled":true},"in2DMode":false,"pivot":{"x":1.8340692520141602,"y":-1.2205219268798829,"z":4.092674255371094},"rotation":{"x":-0.22635528445243836,"y":0.06920664757490158,"z":-0.016056835651397706,"w":-0.9715381264686585},"size":6.663501262664795,"orthographic":false}