{"cameraMode":{"drawMode":0,"name":"Shaded","section":"Shading Mode"},"sceneLighting":true,"audioPlay":false,"sceneViewState":{"m_AlwaysRefresh":false,"showFog":true,"showSkybox":true,"showFlares":true,"showImageEffects":true,"showParticleSystems":true,"showVisualEffectGraphs":true,"m_FxEnabled":true},"in2DMode":false,"pivot":{"x":587.1702270507813,"y":561.5280151367188,"z":-826.7186889648438},"rotation":{"x":-0.002999083371832967,"y":-0.0218961201608181,"z":-0.00006249734724406153,"w":0.9997628927230835},"size":103.07764434814453,"orthographic":false}