{"cameraMode":{"drawMode":0,"name":"Shaded","section":"Shading Mode"},"sceneLighting":true,"audioPlay":false,"sceneViewState":{"m_AlwaysRefresh":false,"showFog":true,"showSkybox":true,"showFlares":true,"showImageEffects":true,"showParticleSystems":true,"showVisualEffectGraphs":true,"m_FxEnabled":true},"in2DMode":false,"pivot":{"x":2.7386598587036135,"y":0.9456257820129395,"z":17.020668029785158},"rotation":{"x":-0.15377917885780335,"y":0.11298957467079163,"z":-0.017633840441703798,"w":-0.9815523028373718},"size":6.977488040924072,"orthographic":false}