{"cameraMode":{"drawMode":0,"name":"Shaded","section":"Shading Mode"},"sceneLighting":true,"audioPlay":false,"sceneViewState":{"m_AlwaysRefresh":false,"showFog":true,"showSkybox":true,"showFlares":true,"showImageEffects":true,"showParticleSystems":true,"showVisualEffectGraphs":true,"m_FxEnabled":true},"in2DMode":false,"pivot":{"x":325.4843444824219,"y":64.23721313476563,"z":-836.3434448242188},"rotation":{"x":-0.09586584568023682,"y":0.17289263010025025,"z":0.016909854486584665,"w":0.9801234006881714},"size":8.249051094055176,"orthographic":false}